2016-11-16 22:10:06,In the AI era you must be more aware than ever of bias. @robot_MD https://t.co/Tj8u9jYzul,140,96
2016-11-16 04:17:27,Still wondering if you should support basic income? Here's a list of entrepreneurs that do: https://t.co/DDHVc694zH,306,227
2016-11-14 20:19:02,Your CEO is reading about AI! So says the WSJ. https://t.co/tna4ovXiTF,80,35
2016-11-14 00:23:34,"Amusing WSJ article debating origins of ""AI is the new electricity."" AFAIK it came from me. :) @AlyssaAbkowitz https://t.co/pnjvfRNZlC",218,86
2016-11-11 20:08:30,Should your company build up an AI function? My article on how to hire a Chief AI Officer. https://t.co/ViB9bzIEzC,397,286
2016-11-10 19:42:38,"I hope you will learn AI not just for the high-paying jobs, but because AI is a superpower that lets you change the world.",1103,556
2016-11-10 19:23:08,Even Google's brilliant @astroteller is adopting analogy of AI being like Electricity! #AIisTheNewElectrcity https://t.co/zwwhYMotST,104,45
2016-11-09 23:06:29,What AI can and cannot do for you today. My Harvard Business Review piece on how AI affects your org. https://t.co/iRdcOfsChe,754,569
2016-11-09 16:12:24,"2/2 More than ever, we need basic income to limit everyone's downside, and better education to give everyone an upside.",390,156
2016-11-09 16:11:41,"1/2 Last night is casting light on dissatisfaction from inequality. National progress needs to help 100% of people, not just 10%.",289,101
2016-11-09 05:27:22,"Whatever happens tonight, when you wake up tomorrow, keep working to make this country and this world a better place.",1642,881
2016-11-08 17:47:55,#ImWithHer https://t.co/qOoh4YLx7j,614,72
2016-11-07 16:53:04,Self-driving in 1986? Amazing how well @deanpomerleau and @SCSatCMU got it to work back then! https://t.co/xITpUk6EBR,145,79
2016-11-06 19:40:45,Highly technical but good overview of Spark. My Baidu teams use it for many data processing tasks. https://t.co/U6FNX1dcV4,416,190
2016-11-06 19:31:09,"If you didn't learn anything today, your skills are now slightly less relevant for your career than yesterday. So learn every day!",1692,1162
2016-11-06 18:24:54,Nate Silver's site as usual great reading for latest data+predictions on election. @NateSilver538 https://t.co/0ufk7DQkIS,62,28
2016-11-04 02:44:12,@abhi_go I know a lot of people can't afford $20/month. But enough people can that we can make a huge difference!,4,1
2016-11-04 00:31:13,This is why we should pay for news. Subscription revenue for news helps drive high quality journalism. https://t.co/9wIfWmzcwG,166,114
2016-11-02 18:26:32,Lets some day elect a Scientist to be President of the United States.,825,281
2016-11-01 19:52:06,Interesting list of who does and who does not support basic income: https://t.co/fEnoOwaoTi (h/t @arpahector),86,49
2016-11-01 19:49:03,@scottsantens @jason_pontin The MIT TR folks are plenty smart. I learn a lot from them all the time. :),5,2
2016-11-01 17:34:01,Yes. Specific human jobs becoming obsolete is not the same as humanity becoming obsolete!,263,153
2016-11-01 16:24:47,Wrong! Need basic income because AI=&gt;safety net for labor displacements. Not because humans are obsolete. https://t.co/z97tYJeQbq,239,141
2016-10-31 15:10:28,The secret to getting new ideas? Read. A lot. https://t.co/D81JldjXOm,873,428
2016-10-30 23:10:59,"Great Inc interview on AI trends, &amp; how it'll impact your business! @sal19 https://t.co/yJ3oHsORPb",188,134
2016-10-30 22:57:31,University using big data to prioritize advisor meetings; boosts graduation rates. https://t.co/lbcHgiaski Really cool.,131,91
2016-10-30 22:49:37,54% of the world now lives in urban areas. High population density makes it easier to deploy ride-sharing + self-driving.,150,59
2016-10-28 15:37:38,"Flying cars still in the very distant future, but I was impressed by thoughtfulness of Uber's report: https://t.co/6eKMUru9XB",199,111
2016-10-28 15:34:46,Bummer--George Hotz's comma.ai moving overseas would be a loss to the US self-driving ecosystem. @comma_ai https://t.co/wL8ASCWoZI,89,54
2016-10-27 15:33:41,"When X=""Trolley problem,"" Y=""Should my autopilot slam into big white truck parked across the road,"" I would prioritize Y.",92,41
2016-10-27 15:32:06,"So the better question is ""Given limited resources, would you prioritize X or Y?""",52,16
2016-10-27 15:31:43,"When people ask me ""Do you support doing research on X?"" my answer is almost always yes, including X=Trolley problem.",79,36
2016-10-27 15:28:30,@sqrtnegative1 It's unheard of for drivers to have to choose to swerve and thereby hit bystander A rather than bystander B.,5,3
2016-10-27 15:06:59,When was the last time you (or any other human) encountered the trolley dilemma in real life? Expect self-driving car to see it as often.,215,112
2016-10-27 15:03:08,@griverorz Odds of encountering it in real-life is remarkably low-I don't know any driver who has. Other scenarios are much more pressing.,0,2
2016-10-27 14:31:06,Why do people think the trolley problem is critical for self-driving cars? The trolley problem wasn't critical even for trolleys.,457,256
2016-10-26 18:37:21,Why is AI the New Electricity? https://t.co/yJ3oHsORPb Interview with Inc covering major AI trends!,315,212
2016-10-25 05:53:52,"@chrissyfarr I'm not a PR person, but totally yes. Plus, I genuinely enjoy talking to knowledgeable reporters that I can learn from.",6,2
2016-10-25 05:20:29,Latest Consumer Reports calls out need for clear claims on what self-driving can/cannot do. Well said! https://t.co/aqdTkCgEf2,62,34
2016-10-24 18:55:30,"Working in tech is really fun: Things get invented all the time, so there's always something new to learn.",409,152
2016-10-20 04:59:12,"Cool animated gif of the AI/electricity analogy, by @nvidia! https://t.co/fqmQ5DFT45",118,66
2016-10-20 04:26:45,We had surpassed human-level Chinese recognition in 2015; happy to see Microsoft also get there for English less than a year later.,325,143
2016-10-19 01:37:48,How is deep learning transforming autonomous driving? Nice Technology Review op-ed by @robot_MD https://t.co/D4N6ICP5ge,189,119
2016-10-19 01:11:21,"Pretty much anything that a normal person can do in &lt;1 sec, we can now automate with AI.",711,538
2016-10-18 08:51:12,Repeat after me: Research is not a zero sum game! Lets stop making it country vs. country. https://t.co/DOFhIa0oLW,424,261
2016-10-18 08:48:24,"Government investments in AI should dedicate significant effort to creating big, open datasets. This lifts the whole industry.",602,422
2016-10-17 06:00:44,"The half-life of knowledge is decreasing. That's why you need to keep learning your whole life, not only through college.",1387,1139
2016-10-11 10:51:53,Announcing Melody the Medical Assistant! https://t.co/6iAVhSbgab Automatically asks you questions to get more info for your doc!,238,190
2016-10-10 13:52:27,Many S&amp;P 500 CEOs wish the had an internet strategy sooner. In 5 years we'll hear same about AI strategy. https://t.co/fFvQDylW8M,359,313
2016-10-10 13:50:59,Great advice from Carol @robot_MD: Throw yourself into situations to learn from people you respect! https://t.co/9e0Kad9vwh,84,36
2016-10-07 00:43:34,Another implication of AI: We're redesigning data centers for much higher density power/cooling to run HPC/GPUs. Exciting times!,167,86
2016-10-07 00:03:06,"We're lucky the AI community is very open, and top researchers freely share ideas+code. Hope we can keep it that way.",672,290
2016-10-06 16:42:49,Podcast on AI and Silicon Valley vs. Beijing's engineering culture. https://t.co/U7iFcApDdO @SinicaPodcast @KaiserKuo @goldkorn,144,59
2016-10-05 14:46:46,"Ever seen a 10 hour long YouTube video get 30,000 views? https://t.co/Lg2QybzYw9 Bay Area Deep Learning School!",656,248
2016-10-05 03:39:40,Impressive video synthesis results--congrats @DeepMindAI! @nalkalchbrenner @avdnoord @OriolVinyalsML @koraykv https://t.co/1ysdIp8zF0,182,74
2016-10-03 20:10:29,A good question: What can AI do for healthcare today? An even better question: What can AI do for healthcare in 5 years?,197,100
2016-10-03 19:15:46,Check out our new voice-centric keyboard: https://t.co/PbZIsgPyQH TalkType- type 3x faster using high-accuracy speech!,80,45
2016-10-03 15:26:55,"New: TalkType keyboard. Voice-first, rather than voice-also. https://t.co/Ezm5FycA59 Text or tweet 3x faster!",84,49
2016-10-02 22:14:43,3 years ago Microsoft was looking irrelevant. But with bets on AI &amp; cloud @satyanadella has done fantastic job transforming it.,488,225
2016-10-02 20:11:16,"Technical post on how to platformize ""code executable blocks"" for programming courses @coursera… https://t.co/F43x5cK1lj",121,28
2016-10-02 19:03:17,"""Microsoft is betting the company on AI"" with one of its best execs @harryshum at the helm. IMO a good bet! :) https://t.co/81ayLT4RoO",149,97
2016-09-30 22:45:26,That you can write code in your browser makes it easier for you to learn new languages! @coursera https://t.co/nF7jH0EkTY,156,81
2016-09-30 22:28:55,"Interesting-Microsoft folds its Research organization into a bigger AI team, similar to Baidu. https://t.co/px1sib7PRd",85,68
2016-09-30 20:54:50,"I get many emails from ASIC startups saying ""our DL is faster than GPUs."" My advice: Show me on DeepBench! https://t.co/i3ChQZWDje",164,98
2016-09-30 18:38:25,Melinda Gates is working to bring more women into AI. Fantastic!!! https://t.co/87VrNSxaov @melindagates,93,66
2016-09-29 21:26:29,Cool graphic summarizing points on #AI from TEDxBoston. @kgorman @ryan_p_adams https://t.co/243wSZwJ42,66,35
2016-09-29 21:24:47,Thank you @kgorman @ryan_p_adams for having me join you via robot! https://t.co/q8n9JO6SY9,39,7
2016-09-29 19:51:01,Little known fact: NIPS 2008 was when the Deep Learning on modern GPU CUDA revolution started! https://t.co/4Au8vbl4lr @nvidia,110,52
2016-09-27 23:56:12,"Women in Deep Learning dinner after Bay Area DL school, organized by @robot_MD We need to support women &amp; men enter… https://t.co/5KAtUsYIwJ",210,58
2016-09-27 19:32:12,Technical details on the just-released DeepBench (deep learning hardware benchmark): https://t.co/kBmByFviuF,101,59
2016-09-27 18:54:46,Larry Summers points out job destruction is already here. Time to double-down on LIFELONG education. @coursera… https://t.co/bVonr9yoWm,139,103
2016-09-27 17:34:47,"Deep Learning needs faster processors! Releasing DeepBench, new benchmark to help chipmakers. https://t.co/aK820YZjVM",214,147
2016-09-27 02:58:29,Microsoft's Satya Nadella throws shade on Alpha Go! https://t.co/dwj8HEcYKi,81,44
2016-09-26 21:32:38,Amazing weekend! THANK YOU to the amazing speakers and the in-person &amp; live-stream attendees of Bay Area DL School! https://t.co/oVjsvFPsl9,227,44
2016-09-25 04:36:10,Bay Area DL school speakers' dinner! https://t.co/3Z0u8xF0CH,355,41
2016-09-24 15:59:57,With Samy Bengio. Bay Area DL school starting! Live stream: https://t.co/FJAklRQt30 https://t.co/NBZBBCPZWY,258,68
2016-09-24 02:36:32,Bay Area Deep Learning school starts 9am PDT tomorrow! Live-stream will be available: https://t.co/P4F2IB41Ya,410,256
2016-09-21 00:39:58,BayLearn registration open! https://t.co/UC2RgfA5dj 3 of 4 keynote speakers came from my Stanford group. Deep Learning is hot. :-),113,55
2016-09-19 21:50:19,@bobmcmillan I think the problem is AI still needs too much customization. So it's hard for companies without AI talent to leverage it.,25,11
2016-09-19 21:39:32,"SaaS companies adding ""AI"" to offerings; but still hard for most to clearly articulate the value. https://t.co/MG2nlBdPeq",135,105
2016-09-18 21:51:53,"US immigration policy hurts our ability to innovate. https://t.co/EhP7kMn3WT In CA I see the harm everyday, yet DC doesn't get it.",181,137
2016-09-16 00:51:05,Herd mentality: One big company does VR/chatbots/etc -&gt; everyone does VR/bots/... -&gt; self-reinforcing cycle of hype fueled growth,268,175
2016-09-09 08:22:51,Honored to do @SinicaPodcast with @KaiserKuo @goldkorn. Here's the view from in front of the mike! https://t.co/IlMOGXE3no,32,6
2016-08-30 01:11:05,Looking forward to Baidu World on Thursday. Our theme this year: AI is the new electricity! https://t.co/DlzQ4FwjXb,112,51
2016-08-29 11:52:53,"We had a conversational robot give commentary on the Olympics, and fans loved it! https://t.co/ayoVBQM4oP",119,91
2016-08-24 21:44:36,".@alexisylchan Ha ha! With latest speech results, hope we can inspire HCI researchers to do more projects on speech!",24,5
2016-08-24 21:23:52,Just got this gift box from a @Coursera Machine Learning student from Singapore. Thank you! :) https://t.co/BNhGC8JLvK,494,64
2016-08-24 20:01:14,Speech input is 3x faster than typing! Full details of Stanford-UW-Baidu research study here: https://t.co/uFkpEq0pTH,131,99
2016-08-24 16:50:22,Speech input is 3x faster than typing.  https://t.co/TuLN2ofI8H Use speech on your phone! @landay @wobbrockjo @sherrysruan,183,175
2016-08-22 01:12:16,I had misspelt Exxon Mobil-&gt;Mobile. Because as world's #5 company they must be building apps! :) https://t.co/FIo0fu9GtJ,51,14
2016-08-22 00:09:46,Using deep learning+satellite img to understand poverty/help govt. https://t.co/REf0URsbuj ML for a better world! @ermonste,246,165
2016-08-21 23:47:23,"Economist says we need better Welfare to solve poverty. Yes, but we need better Education even more. https://t.co/IZCa0AhZjm",114,71
2016-08-21 23:40:14,"Business/First keep getting nicer, while Economy gets suckier-another sign of wealth gap. https://t.co/Pk8r9qG2Md",68,46
2016-08-20 18:10:58,Selfie w/Daphne Koller at her @Coursera farewell party. Laughs &amp; hugs &amp; thank you for incredible 4-1/2 years! https://t.co/gR00AjB4O5,244,40
2016-08-20 17:56:58,.@erikbryn and @ShaoLan_Hsueh stopped by and checked out our mobile phone Augmented Reality system! https://t.co/V6tMdf8Dwp,40,9
2016-08-20 17:45:48,"The most valuable companies like Apple, Amazon run platforms. Also Exxon Mobile, which runs offshore platforms. (h/t Bijit Halder)",64,40
2016-08-19 18:34:51,The current system of ad-supported news leads to clickbait and sensationalism. We need to pay for good journalism. #payfornews,444,255
2016-08-19 17:49:28,"Mother Jones' superb prison story cost $350K, and earned $5K from ads. https://t.co/mI88u9FHv2 We need to pay for journalism!",229,236
2016-08-14 05:33:28,"The US has won 1,000 Olympic gold medals-amazing! Cool data visualizations here: https://t.co/p2JBC61ZMD",116,88
2016-08-12 18:37:30,"Going viral in AI circles: https://t.co/Jv3FwHeYSz If you see your friend share this, that's a sure sign they're an AI nerd! :)",401,350
2016-08-10 17:20:22,"Just re-read Lean In. With AI rising rapidly, this is the best time to bring more women into AI! https://t.co/LQj1cVToZw",105,44
2016-08-09 21:16:51,"Intel is upping its game in Deep Learning h/w with Nervana acquisition, to compete with Nvidia!
https://t.co/zawJwoMX2b",157,113
2016-08-09 18:52:09,It's not fashionable to talk about the importance of hard work; I'm glad Marisa Mayer does. https://t.co/DOJl8mCSCD,107,58
2016-08-09 17:59:26,Non-tech companies w/Internet strategy earlier now have big advantage. In 5 years we'll say same about AI strategy. https://t.co/dOKwr7Rk0G,195,161
2016-08-08 20:26:44,Pics from our cellphone Augmented Reality platform launch! See anything unusual about the bear? https://t.co/C5cQCrEPAd,138,42
2016-08-08 20:19:39,Why I'm betting on cellphone AR (Augmented Reality): https://t.co/OTw2zV6LVM,91,63
2016-08-06 19:28:04,Sad to hear of @chris_urmson leaving Google-one of autonomous driving's great pioneers. https://t.co/DGirFf0GCz,65,55
2016-08-04 04:45:57,"Announcing Deep Learning School, Sep 24-25, Stanford! Co-chair w/ @pabbeel Samy Bengio @chrmanning. https://t.co/MMm64V3W8d",295,156
2016-08-04 01:53:31,Our AI cellphone AR (Augmented Reality) just came out of stealth! https://t.co/9Ohb8vtx0Z Hope to bring AR to hundreds of millions!,253,185
2016-07-26 00:29:02,Benchmarked our new TitanX. On our RNN kernel: 10.8 TFlops! @ctnzr @nvidia #DeepLearning #TITANX https://t.co/l5pg1dLR9N,688,245
2016-07-24 22:39:18,Rise of web search led to Yahoo downfall. What could AI's rise lead to? Tweet your thoughts! https://t.co/hM9A9QHOIp,105,87
2016-07-23 21:44:17,Parents: My friends working on s/w for adolescent dev. Help fill out their survey! https://t.co/ZReKXFWbfY https://t.co/Dqb84VP1VV,52,34
2016-07-22 04:00:20,Big surprise at #SFAIMeetup-Jensen announced new Titan X GPU &amp; gave me first one. :) Go #DeepLearning! https://t.co/vF19Qvuix5,183,76
2016-07-22 01:27:30,Live stream of SF AI meet up starting in a few minutes! https://t.co/CqAVRRKlGA,51,26
2016-07-22 00:21:46,Looking forward to #SFAImeetup in an hour. Thanks @emilmikhailov @skidanovalex for organizing! https://t.co/dUGndpiBSa,58,13
2016-07-20 00:35:07,Wow @nvidia's Jensen Huang coming to the AI meetup this Thursday! https://t.co/Eabfhfu9rF,132,67
2016-07-19 20:28:17,"What new jobs will AI create, even as it displaces old ones: Drone-traffic optimizer? 3D printer chefs?https://t.co/N6OlPDezBm",108,108
2016-07-18 23:04:15,Automation entering fast-food joints! Love the KFC w/Baidu conversational robot to take orders. https://t.co/8gSHBE1xVA,70,64
2016-07-17 22:49:02,"Just had Yang Lan (""the Oprah of China"") visit us to talk about AI. Looking forward to her show! https://t.co/zfIKj9Ujm1",286,62
2016-07-08 04:59:27,This is heinous. We must fight to put an end to such senseless acts. https://t.co/lkZrZlZ7PZ,67,36
2016-07-05 10:44:41,.@ram_fish @TheEconomist 200 years ago farmers couldn't imagine descendants as programmers; today it's hard to see future AI-enabled jobs,131,83
2016-07-05 10:31:17,"With big data, we can measure economic activity &amp; recommend to retailers where to open new stores! https://t.co/lZtOHdZnix",100,64
2016-06-30 17:26:16,"The Economist gets it right: With AI coming, we need lifelong education, not irrational fear. https://t.co/AoX9qxJPbu",470,361
2016-06-29 22:43:11,"Fun to navigate multiple internet ecosystems (US, China). WSJ piece gives taste @AlyssaAbkowitz https://t.co/mjROhJQaT5",62,51
2016-06-29 20:15:51,Lets use AI to make the world a better place! @strataandbiz https://t.co/thjMErv0xI,142,82
2016-06-29 20:03:04,"I love @JeffBezos' point home runs in innovation are not 4, but 1000 points. https://t.co/KBxBRMn8Nl Do work with big upsides!",47,35
2016-06-28 19:52:48,Not a fan of AI militarization. But now AI can outfly human fighter pilots. https://t.co/R4By7oTYo1,93,99
2016-06-27 22:41:45,Cool application of VR: Make stationary biking fun. https://t.co/pwX2CfsBOG,76,51
2016-06-27 22:14:48,Have trouble ordering in a Chinese restaurant? We use computer vision to help w/dish review! https://t.co/aLcHnsxTjD,46,17
2016-06-27 22:01:45,We see a LOT of data at Baidu. This lets us create our own economic indices for China. https://t.co/OaQpAyCJYC,72,41
2016-06-27 18:23:31,Foodie? We're using deep learning to recognize and help users review individual dishes. https://t.co/B35OrQbafR Yum!,117,70
2016-06-22 22:18:30,Great in-depth article on High Performance Computing (HPC)+Deep Learning at Baidu! @GregoryDiamos https://t.co/gKRsAxjCId,141,103
2016-06-22 22:00:27,"Baidu #2 on MIT TR Smartest Companies! https://t.co/fSPdmAe7zC Amazon, Alphabet, Tesla, also on list.",26,10
2016-06-22 03:04:17,"35,000 have signed up for Machine Learning Yearning book. Join us by Jun 24th! https://t.co/TgvKPa033r https://t.co/ptVXWLsKaj",425,293
2016-06-20 13:38:28,"Wow over 1,000 people signed up in last 10 min! Join them &amp; get free draft of book: https://t.co/TgvKPahEs1 https://t.co/EplOimy6TL",321,203
2016-06-20 13:09:38,Get better at machine learning! Sign up for free draft of my new book: https://t.co/TgvKPahEs1 https://t.co/lZAGcT5aF6,546,402
2016-06-20 09:12:28,Which of these industries will be least affected by AI in the next 5 years? Live poll at #ISC16,39,63
2016-06-20 09:03:20,Which of these industries will be most affected by AI in the next 5 years? Live poll at #ISC16,31,74
2016-06-20 06:53:57,#ISC16 is starting! Super excited to speak here shortly. Baidu &lt;3 HPC https://t.co/be1Vo78vpg,52,13
2016-06-18 16:50:31,How do you train RNN neutral network on massive 128 GPUs? Look forward @GregoryDiamos #ICML talk! https://t.co/83pdFQgTrN,289,117
2016-06-17 20:28:06,High performance computing (HPC) is supercharging AI! Here's what we mean: https://t.co/RajwGALHLe @ctnzr,138,94
2016-06-16 22:03:04,"What's next for AI? Yann LeCun, Nick Bostrom, Luke Nosek and I share some thoughts. https://t.co/0CwgfwSnfI",220,197
2016-06-15 18:20:11,AI's impact on industry? Informal survey at my #SparkSummit talk. Tweet whether you agree/disagree! https://t.co/bg00iKgICU,223,213
2016-06-14 18:55:46,"There's a dangerous myth that good teachers are born, not made. False! You can learn to be great!
https://t.co/kdhnNJCS8z",156,91
2016-06-14 02:01:32,How to do ML but guarantee privacy? Differential privacy isn't used much today. But kudos Apple for trying. https://t.co/dAY7zWw97T,163,138
2016-06-14 01:25:23,"With Apple's latest announcements, AI is sweeping across all major software tech companies! https://t.co/hIqGp1D5A3",182,140
2016-06-13 16:32:31,How will AI shape teams and industries? Short presentation I gave at the Spark Summit. https://t.co/rrNwl7kvW3,224,134
2016-06-12 23:45:09,"""Only way to stop a bad guy with gun is a good guy with gun."" Silly argument. Didn't work in #Orlando. https://t.co/Yufy5dP16N",178,101
2016-06-10 17:55:29,Nice Microsoft work: Diagnose cancer from search logs  https://t.co/DITTUSc9zJ AI+medicine is exciting area @erichorvitz,123,112
2016-06-10 02:48:28,"@krishnan100 Agreed! Just as electricity can be used to provide lighting, or to electrocute people.",3,1
2016-06-10 01:16:24,@jwan584 Fair point!,0,1
2016-06-10 00:06:53,Online poll! Which analogy for AI (Artificial Intelligence) is more helpful for society?,56,59
2016-06-09 23:56:09,"@LucasEWall I used a Wacom Cintiq, and Camtasia. The slides+handwriting were done in powerpoint, on a Windows PC.",2,0
2016-06-02 11:24:16,Mary Meeker Internet Trends just out! https://t.co/VALnu9CwdE Includes great section on speech. https://t.co/7WEh1XcWKu,145,101
2016-06-02 09:52:18,Bill Gates used to talk about AI as existential threat; now excited about its potential. Yes!!! https://t.co/V3bZaMVimG,159,106
2016-05-31 07:02:29,"Exciting steps for AI and medical diagnosis. https://t.co/bz3aXGx2ej AI will transform medicine, help countless patients.",153,130
2016-05-28 16:07:10,"Just as electricity transformed everything we do, AI will upend numerous industries. https://t.co/Ky9Lele4rb",123,120
2016-05-27 20:21:35,My #EmTech interview! AI is the new Electricity; AI transforming business strategy @jason_pontin https://t.co/jlZJYDP2nX,102,80
2016-05-27 18:40:53,"It's irresponsible to ship driving system that works 1,000 times and lulls false sense of safety, then... BAM! https://t.co/cbmc8onoKu",102,87
2016-05-26 20:30:53,"@PARITSURESH @coursera Thanks for sharing the cool drawing, as well as for taking the class!",2,1
2016-05-26 16:47:15,"""AI is the new electricity!"" Electricity transformed countless industries; AI will now do the same. https://t.co/dGFEUMSmVj",366,346
2016-05-24 22:03:41,Would you like fries with that? You can now use our speech recognition to order at this KFC! https://t.co/tBy9W1DHgM,82,73
2016-05-24 21:41:48,Speech gives you new way to communicate w/machines; will be as transformative as touchscreen! https://t.co/HVHFDr8787,98,75
2016-05-23 16:25:02,Intelligence doesn't equal autonomy. Another reason not to fear AI. -@etzioni #EmTechDigital https://t.co/wCzIn9BJ8U,200,129
2016-05-20 17:39:52,Sundar Pichar announced Google TPU processor. Bryan Catanzaro @ctnzr has a thoughtful perspective. https://t.co/FhH7aTbxKY,146,105
2016-05-17 06:53:26,"Bloomberg rightly criticizes creative financials. Since when did ""positive gross margin"" mean ""profitable""? https://t.co/nyfWA5Vt0T",51,34
2016-05-17 05:49:06,Autonomous cars are coming! https://t.co/RORQ7QD6PV Wuhu city working with us to enable autonomous vehicles.,95,82
2016-05-16 20:18:07,"Impressed at Microsoft Hololens tech. AR has exciting future, but adoption will be slow. https://t.co/eyoy0I9SVH",240,90
2016-05-07 16:34:31,"I say ""AI is a superpower."" For my bday Baidu team got me this action figure! Thanks! :) https://t.co/Chf1HIdaQ4",533,86
2016-05-04 12:20:49,Former MOOC skeptic writes passionately about the importance of online ed. https://t.co/M2QsmK0uEB Education for Everyone!,100,72
2016-04-22 22:30:42,Lou Tiancheng--one of the world's best hackers--just joined us to work on autonomous cars! https://t.co/0f3GaYtn3T,313,124
2016-04-22 20:45:19,"Building a 100+ person autonomous driving team in Silicon Valley. https://t.co/OhrJhEs1HJ Lets save 3,000 lives. Per DAY.",176,122
2016-04-21 20:27:45,My old PhD thesis: 30 param deep net to fly helicopter https://t.co/fq7F7BUgH4 DL has come a long way! https://t.co/yzTj62KJm3,359,134
2016-04-11 02:49:28,"Our love is long lasting, so anniversary visit to something also very long lasting &lt;3 @robot_MD https://t.co/fbUuoCvBiv",392,33
2016-04-11 02:34:32,Pundits on Baidu's rapid pace toward autonomous cars. https://t.co/R8T4gecPQh Lets make this happen and save some lives!,58,38
2016-04-01 22:31:20,Economist's @AlexandraSuich on AI talent heading to tech companies. https://t.co/SJgCMXm2i6 Golden age for AI!,130,115
2016-03-31 21:01:14,Shouldn't edu have Oscars? https://t.co/vwQVgIicv3 Meet winners of Coursera's Outstanding Educators Award! https://t.co/uQ8wncis32,106,47
2016-03-31 20:54:39,"California $15/hour=terrible idea. https://t.co/lTO0jkaxp3 We should pay people well, but basic income is much better way.",50,30
2016-03-31 01:50:45,"Moody: Slow autonomous driving growth. https://t.co/Bxbi0vHXpl They're wrong. Much faster w ""Train Terrain"" strategy.",70,38
2016-03-30 21:04:28,Earn a MOOC-based Masters of CS degree in Data Science! Coursera+UIUC. https://t.co/8rZDGHEj3a,147,62
2016-03-29 22:20:57,Keep on learning throughout life! Here're some useful ideas how: https://t.co/U2bufhVTrn,164,83
2016-03-29 18:29:05,AI will be the next big thing in tech! We need to educate public about coming upheavals. https://t.co/PY83ungnFe,130,93
2016-03-23 23:23:39,Baidu Research's Big Data Lab on using aggregate mobile locations to improve crowd safety! https://t.co/ZMOQ1XzGA7,101,88
2016-03-16 00:47:39,Unbelievable that we still allow paywalled journals to tax research and slow down progress. https://t.co/n2ZolrzS8L,329,285
2016-03-15 18:43:40,Autonomous cars a reality sooner than you think! Here's how: https://t.co/ft0kHRQ1EL Thx @adavies47 https://t.co/OcMQVP6jSk,119,92
2016-03-15 15:28:16,How to make self-driving cars a reality soon: Change our attitudes about them! https://t.co/ft0kHRQ1EL,85,68
2016-03-09 00:10:09,Looking forward to @StructureSeries tomorrow!  https://t.co/UYuC7MC5v9,27,12
2016-03-07 22:03:36,Why's HPC/High Performance Computing speeding up deep learning research? https://t.co/A4FF1x4B6s https://t.co/3ZtH2s5uHW,176,110
2016-03-02 21:34:43,Even @Stanford University's President John Hennessy is excited about deep learning! https://t.co/o90rUwXqya,92,50
2016-03-02 18:24:10,AAA says 75% feel unsafe in autonomous car. https://t.co/h6x9P7o7hz This underestimates how fast people acclimatize.,35,32
2016-02-23 09:01:41,MIT Tech Review: Baidu Speech system top 10 tech milestones 2016! @willknight https://t.co/hFYO138VvU https://t.co/m8KMvqZbO6,136,93
2016-02-18 19:00:55,"Women are considered better coders, but only if they hide their gender. https://t.co/SIZtVqW4zj Lets fight gender bias!",121,145
2016-02-17 22:35:12,How scale is enabling deep learning--new video! https://t.co/O8EEAutGO7 https://t.co/l6msYKDdzI,223,112
2016-02-15 22:48:29,How to switch an english speech system to mandarin. #DeepLearning https://t.co/SS2dTcMzng https://t.co/mfA4IJMIXw,218,177
2016-02-14 22:46:11,RIP Professor Ed McCluskey. His legacy in making computers reliable will live on forever. https://t.co/a3b7aaJjU2,44,38
2016-02-14 18:56:03,Happy V-day! Bridal mag @theknot featuring our wedding pics. &lt;3 @robot_MD https://t.co/Db7PiGIL14 https://t.co/VyBmTEvxJ4,125,10
2016-02-12 21:50:15,"IEEE Spectrum on speech recognition, autonomous driving, and research philosophy at Baidu! https://t.co/cpQZqXhZdJ",100,56
2016-02-04 19:58:27,Kudos Singapore for investing in its people-S$500 for courses. Teach a man to fish! @coursera https://t.co/R6pAb6bPs6,65,34
2016-02-02 21:58:34,"Visiting OSRF, home of ROS. Morgan Quigley &amp; Brian Gerkey signed books for our driving team! https://t.co/pJ6Kigt74L",87,34
2016-01-29 21:24:24,Coursera now has 2 courses with &gt;1 million enrollments. Machine learning (https://t.co/KhXXRmfM2I) and Learning How to Learn!,277,147
2016-01-29 17:54:23,Autonomous cars see &amp; drive differently than humans. Govt has important role in making them real. https://t.co/PWVuG75Gcf,59,40
2016-01-29 02:36:05,"Have a question I can help answer? Post it here, and also see what others are asking! https://t.co/ubT5ObN2Nk",107,71
2016-01-27 23:01:05,Congrats DeepMind! Trend is ML shifting power from massive search to massive learning+data. https://t.co/fcFZZvbGWR,178,110
2016-01-15 21:29:12,"How our open-source Warp-CTC powers Baidu's Deep Speech, by Technology Review's @willknight. https://t.co/c6mM7PdTGp",76,49
2016-01-14 20:03:45,"We open-sourced our implementation of CTC, which powers Deep Speech. Run CTC 50x faster! https://t.co/UqMfOr3dcA",270,196
2016-01-04 11:45:29,"AI has entered our everyday world, says Wired's @CadeMetz. We'll do even better in 2016! https://t.co/GX3jJIl9vN",85,77
2016-01-01 05:06:34,"@TradeTexasBig I'm in Beijing for a couple of weeks, but still live in California!",3,1
2015-12-31 14:24:16,Baidu Research in Beijing has outgrown space. Moving today to new digs for 2016. Happy New Year! https://t.co/CVFe8jKjVA,102,15
2015-12-18 23:45:40,Our dessert today. Recognize the characters? :) @BaiduResearch https://t.co/X623eOiMJk,73,14
2015-12-18 20:12:54,.@nvidia's Jensen Huang says machine learning is HPC's next killer app. I agree! https://t.co/lIt04ghgRZ,77,42
2015-12-18 19:43:23,Speech Recognition improving w/Deep Learning. New application opportunities ahead! @willknight https://t.co/Bdtw1sRiT7,86,57
2015-12-16 19:15:04,"This pic of our autonomous car went viral in China. ""I finally see why we need them!"" https://t.co/w9DuX8NSQV",117,59
2015-12-15 19:49:18,I loved these stories of machine learning transforming careers and lives! #LearnML https://t.co/bP03NtEWIb,101,46
2015-12-14 21:56:58,"We plan to put autonomous buses on the road in 3 years, mass produce within 5 years. Forward! https://t.co/K9pytZRDpi",136,145
2015-12-14 21:27:17,"First day back from #NIPS2015, and I find the team's hired an additional receptionist. https://t.co/YhEDMrDDfP",59,10
2015-12-14 18:03:51,Missed NIPS? Poster from the Deep Learning symposium summarizes key Deep Speech 2 ideas. https://t.co/66WuYzbUb7,121,61
2015-12-14 00:38:18,"Proud of Coursera financial aid, which offers 100% free certificates from top universities. https://t.co/4RhD7wvXo1",99,37
2015-12-10 01:16:32,"A staggering 1,840 developers have contributed code to the open source Robot OS (ROS)! https://t.co/U4Xg3IVpPE",92,60
2015-12-10 01:05:53,New Deep Speech results! But too many technical details for 140 characters. https://t.co/QGrp4FCRIk,137,53
2015-12-09 04:51:18,"Happy 8th Birthday ROS! I'm grateful to robotics community, OSRF, and Willow for ROS' success. https://t.co/GLKliOdpnw",45,27
2015-12-09 02:51:20,Come see us at #NIPS2015! @BaiduResearch https://t.co/MIsObzZ8Xn,35,14
2015-12-08 16:39:41,Stanford's on-campus machine learning class' poster session right now. Over 700 presenters! https://t.co/bjGjqe5bGX,110,36
2015-11-19 21:52:13,Has learning ML changed your work? Share your story! #LearnML https://t.co/bEJH1HnOEP https://t.co/1ORbNu3BYd,82,42
2015-11-19 18:02:52,Inspire your friends to explore ML by sharing your story! #LearnML https://t.co/bEJH1HnOEP https://t.co/0GB5zNf1i3,86,57
2015-11-12 01:05:13,Happy to hear Google following Baidu to use GPUs for serving ML predictions. This'll help w/scale! https://t.co/kBq1bBmGgD,102,53
2015-11-12 00:43:11,"We have truly autonomous cars when you tell it to drive to the office, and it decides to drive to the beach -@Jerry_Kaplan",193,166
2015-11-12 00:36:31,Origins of deep learning? @Jerry_Kaplan on Rosenblatt's perceptron which led to everything else! https://t.co/N1NQJgc2kW,65,41
2015-11-03 18:47:53,It is time for machine learning to help urban planning become data driven. https://t.co/E1XeQuZKM2,184,120
2015-10-30 20:58:16,"Technology Review calls our new AI app ""creepy, cool""! https://t.co/KwjctzxdlH",42,17
2015-10-29 23:18:25,A good look at what we're up to in Baidu Research's California office! https://t.co/BJKsEWf7NY,86,36
2015-10-29 20:27:06,Fun app. Serious AI. FaceYou app overlays faces onto yours for Halloween! https://t.co/tKwJN12eXR https://t.co/tXHPw0Mibp,32,20
2015-10-28 22:05:20,The goal of research papers shouldn't be to impress reviewers. It should be to share ideas! https://t.co/tpzNHtuk6B,187,190
2015-10-24 19:23:52,Be bold and solve big problems. https://t.co/Ujjk2rfLnr,257,206
2015-10-19 01:11:17,"Carol promoting her ""Growth Mindset"" children's book! @robot_MD http://t.co/AK01ePyc0Q http://t.co/aA6LD1IorE",30,10
2015-10-06 16:45:15,"New EU ruling makes data transfers harder. Helps user privacy, but will be bad for AI. http://t.co/KieTj9vx3R",32,31
2015-10-02 17:25:07,I admire @arneduncan for consistently fighting for students. Sad that he's stepping down. http://t.co/LR7schJLFp,15,1
2015-09-30 00:24:04,Where's the drone industry going? Great @chr1sa talk on imaging our planet http://t.co/eVY10wh0uJ http://t.co/h0czPxSidY,32,25
2015-09-29 21:17:31,We're seeing huge demand in Latin America for online ed/MOOCs! http://t.co/qV9OP55qEY,33,23
2015-09-29 20:50:42,New blog post on how to accelerate RNNs (recurrent neural nets) using GPUs! http://t.co/hDz9nMj86u,174,99
2015-09-24 23:26:25,Thrilled to speak w/Carmen Chang @NEAVC &amp; @joshuamotta on Baidu/CloudFlare collaboration. http://t.co/6907OSqaNf,29,11
2015-09-24 00:38:59,Registration for Baylearn (SF Bay Area ML) is open! https://t.co/X0qvAc6Za5 Thrilled Baidu is the main sponsor.,30,18
2015-09-23 20:10:47,O2O may be biggest internet trend you haven't heard of. Fortune on videos I shot: http://t.co/x13OCKf2ok @derrickharris,49,33
2015-09-23 00:15:13,Study shows significant career benefits to completing MOOCs on Coursera. http://t.co/JaRlnzkEqq 72% report career impact!,61,48
2015-09-20 23:09:52,Story of Uber recruiting CMU robotics http://t.co/xxE9YNQUlm But IMO dichotomy betw univ &amp; corp research isn't necessary,43,25
2015-09-19 00:45:48,CMU's legendary Mark Stehlik: A prof's job is to teach students how to reach their goals @SCSatCMU http://t.co/Iilkhvtd9w,45,26
2015-09-18 00:16:43,New data trove on college students' earnings increases transparency. http://t.co/k4UcwoOweH This is good for students!,24,17
2015-09-15 04:06:51,"Speech interfaces are used mainly by early adopters, but will become pervasive. http://t.co/z9i5GHDOkG",60,35
2015-09-01 21:40:53,"30 new specializations in Business, CS, Data Science just launched on @Coursera! Find them here: http://t.co/zLaonZ1iCH",88,49
2015-08-26 23:11:03,New Stanford project to help parents with habit of talking to kids aged 0-3! http://t.co/udO9dECCUr,80,53
2015-08-25 17:28:29,Coursera raises $49.5M. Will use to fund mission: Universal access to the world's best education! http://t.co/LWvRYzqlkk,143,136
2015-08-24 22:51:58,@jjhikes Thank you--very interesting study!,0,0
2015-08-24 20:54:09,I agree 100% with Mrs. Clinton on investing more in early edu for low-income children aged 0-2. http://t.co/twMo3dIGA4,113,41
2015-08-21 19:16:27,Erik Brynjolfsson &amp; Andrew McAfee visit. Loved their book on tech &amp; society http://t.co/Rhp4GY2xm2 http://t.co/SCQFJBPjm4,32,10
2015-08-18 18:52:56,MIT Tech Review names Adam Coates to TR35 for deep learning! AI to impact millions http://t.co/JPjW2OLJtU @adampaulcoates,42,32
2015-08-12 06:00:52,"Newly unveiled deep learning system for Mandarin. As usual, SCALE was formula for success. https://t.co/F1eyDMhWSO",82,54
2015-08-10 10:34:17,AskADoctor just came out of stealth. Deep learning for medical diagnosis from natural language: http://t.co/dTsTneEK0N,118,122
2015-08-06 22:06:42,"O2O (online buying of local services) is taking off at crazy speed in China. E.g., laundry service http://t.co/ysgyvwyZp1",30,19
2015-07-27 17:19:19,@ipolicea Thank you for saying that. :)  Also congrats Ioana on finishing the course!,1,0
2015-07-11 02:34:02,@whistlerbrk Congratulations on finishing! Look forward to hearing about what you build. :),2,0
2015-06-26 17:09:28,This is wonderful---US Supreme Court affirms equal rights of gay people to marry!! http://t.co/Sg6WTsGKQX,40,15
2015-06-16 05:51:43,Data proves it: #1 dream school is Stanford!  http://t.co/rCJmPokoxx,35,17
2015-06-01 21:14:47,Great new children's novel that teaches kids growth mindset by @robot_MD! http://t.co/eStb53pEkW http://t.co/MpFHLATTOS,39,24
2015-05-31 23:35:19,An ATM with automatic facial recognition--interesting application of face recognition. http://t.co/cr3X63ZJDt,50,68
2015-05-31 20:57:25,I'm so proud of Carol @robot_MD :)  https://t.co/cM9G379fOm,26,11
2015-05-24 22:21:12,Deep Learning can now answer questions about pictures. http://t.co/2WiFbM4Uyd Exciting progress! http://t.co/HQBGH8rjw5,356,475
2015-05-24 21:39:15,"We grew 2.5x in one year, so needed a new Sunnyvale building. Just installed our front signage! http://t.co/y4PQJSLkdt",51,12
2015-05-24 21:27:38,"Look forward to hearing @ryan_p_adams @clmt @kwmurphy  @RichardSocher @Gogo1985 Szegedy, Oliva, ... at @teamrework DL summit! #reworkdl",25,16
2015-05-24 20:51:03,@hanson_simon @EmmaMBearman @dosticen @indy_johar Thanks Simon!  I think @nicopitney did a great job on that piece.,2,0
2015-05-24 20:47:24,@solanojuan Thank you for saying that!,1,0
2015-05-24 20:25:39,Great Recurrent Neural Nets post (technical) http://t.co/oicec5NjYX by @karpathy! We've found RNNs great at seq learning,136,58
2015-05-15 20:23:53,"My thoughts on how to have a great career, life, and innovation. Take a look! http://t.co/HPPCOyQRAT",262,183
2015-05-02 20:59:15,"Having a very Scottish dinner - Haggis (my fav), Scotch woodcock and rabbit terrine with @robot_MD http://t.co/6QgmZSslUk",42,2
2015-05-02 14:22:42,@iamphuong @coursera Congrats and thank you for finishing the machine learning MOOC!,1,0
2015-05-02 14:22:10,@IAugenstein @coursera Congrats and thank you for finishing the machine learning MOOC!,4,0
2015-04-26 17:19:54,Employee training can't be a one-time event. It should be always happening. How Baidu does it: http://t.co/UPVnsyyExv,78,42
2015-04-18 18:30:59,My GPU Tech Conf talk is online: http://t.co/3iilXVEBrp New Deep Speech demo; new face recognition results; and more.,323,231
2015-04-18 18:23:48,Learn how to learn! Article on one of my favorite MOOCs. http://t.co/rULOzPfUc8 @barbaraoakley,101,48
2015-04-18 01:42:12,@r_kierzkowski Thank you and congratulations Roman for completing the machine learning MOOC!,3,0
2015-04-18 01:40:33,@kypexin @coursera Thank you and congratulations for finishing the machine learning MOOC!,2,0
2015-04-14 04:55:46,"A VC friend thought deep learning's CNNs stands for ""Convoluted Neural Networks."" He might be right!",63,38
2015-04-10 21:43:38,I'll be doing a Reddit AMA (ask me anything) on Tuesday at 9am PST. http://t.co/hq7itJyuaW Please join me!,84,79
2015-03-22 05:37:19,@frankcarey Thanks Frank. I look forward to seeing what you come up with!,1,0
2015-03-19 16:12:34,GPU Tech Conf this year is mostly Deep Learning! #GTC15 Livestream of my talk starting 11am PDT: http://t.co/lmaSjz1iuo,73,75
2015-03-19 06:28:56,Great Baidu Deep Speech talk at GTC by Bryan Catanzaro! @ctnzr http://t.co/1tnNkgGWOR Speech will be UI of the future.,82,51
2015-03-15 00:54:59,Happy Pi day! Or is it Pie day? Baidu's blog on speech and Pi vs Pie!  http://t.co/LnH7LwLPc3 http://t.co/VL0J4rhRAW,41,35
2015-03-10 06:06:06,"I've loved @gigaom's tech coverage, and am really sad that it's shutting down. https://t.co/eVHHcRbhvD",26,33
2015-03-05 22:30:26,Lets stop the AI superintelligence hype! Why I'm not working on stopping evil killer robots: http://t.co/KcZW4vtweI,205,290
2015-03-05 18:17:52,A new video game designed to treat lazy eye. http://t.co/ScjXNfcEAO This is really cool!,32,25
2015-02-27 21:38:21,Our team pic to celebrate @BaiduResearch's Deep Speech (http://t.co/4XfOEJqfqB) breakthrough! http://t.co/YkSQr0JpmH,62,21
2015-02-26 22:14:43,Bryan Catanzaro @ctnzr on GPU acceleration for Deep Speech http://t.co/AOcHA8MJWu Strong scaling is key @BaiduResearch,28,30
2015-02-21 18:50:47,Carol @robot_MD &amp; I were in NYC last weekend for Valentine's and to attend Toy Fair! http://t.co/FAdo1l7wm1,26,5
2015-02-20 02:03:49,Baidu jobs info session at Stanford is packed! In 12 years at Stanford never seen it like this. http://t.co/4aYfxOZ2fY,41,34
2015-02-19 03:15:22,Starting right now! Presentation on Deep Speech breakthrough on deep learning+speech. Livestream https://t.co/w4dIswXtqw,53,33
2015-02-18 06:05:38,.@Coursera's @lilaibrahim named one of 54 women who rocked the tech world! http://t.co/o0aqLf7pRd We're so proud of her!,22,8
2015-02-17 23:50:13,"Nice Wired article on scalable Deep Learning moving from using ""cloud"" to ""HPC"" technology. http://t.co/GEWYbpIizB",79,62
2015-02-17 23:48:05,"Amazing map of world's largest human migration, due to Chinese New Year https://t.co/ken0aqc9q8 http://t.co/6u6NNxagxI",45,70
2015-02-17 20:56:04,"ML meetup tomorrow 2/18 at Baidu (Sunnyvale, CA). http://t.co/3iBLZ7K3bV Learn how Deep Learning's transforming speech!",24,21
2015-02-14 01:49:59,Apple designing a car?  That would be exciting!  http://t.co/ZgPhJNpxx6,33,35
2015-02-11 07:03:01,R is rising because of data science; but Python still rules! http://t.co/EhnJAo6hYF Most popular prog lang of 2015.,106,142
2015-02-11 06:55:29,Eating cholesterol is okay!  http://t.co/B0BCdwLBnA  Govt recommendations finally catching up to the science.,15,27
2015-02-03 00:05:10,"Interview on what I think is hard/easy for AI, and on ""evil killer robots""   @CalebGarling http://t.co/wrkPgQ9jd9",76,82
2015-01-27 03:41:52,China has a huge skill gap. I think @coursera will make a difference. http://t.co/IuKX1p3W4e,33,24
2015-01-16 17:46:31,How to build a Deep Learning supercomputer? http://t.co/GrysnSNRlJ GigaOm on our record-beating work on vision/ImageNet.,86,77
2015-01-15 23:44:43,Want to learn from top 10 US univ? US News ranking just out; 8 of top 10 are @coursera partners! http://t.co/blkxjcEjud,35,19
2015-01-14 18:56:46,.@BaiduResearch now has best ImageNet classification! 5.98% error. http://t.co/d0B506nLzU http://t.co/FsDHkqiMSn,67,87
2015-01-13 00:34:04,Why isn't rising employment helping raise wages? Insufficient ppl are rejoining the labor force. http://t.co/VE5DLfYnnD,11,9
2015-01-08 22:39:35,Machine Learning @coursera MOOC starts again January 19th. Encourage your friends to sign up! http://t.co/KhXXRmxnaM,115,146
2014-12-18 22:36:40,@jomakasi @coursera Congratulations and thank you for completing the machine learning MOOC!,3,0
2014-12-18 22:35:15,@miguelmalvarez Congratulations on the perfect score; and thank you for taking the machine learning MOOC!,1,0
2014-12-18 22:34:53,@_dmartin_ Congratulations; and thank you for taking the Machine Learning MOOC!,1,0
2014-12-18 19:54:01,"Deep Speech paper: http://t.co/5JrECK3bxI Breakthrough in speech recognition in noisy environments, using deep learning",134,107
2014-12-18 16:30:56,Deep Speech improves speech recognition; outperforms Bing/Google/Apple APIs in noisy environments! http://t.co/Y9m6RK89Nh,54,76
2014-12-15 16:58:04,Skype's real-time translator just launched! http://t.co/bCjPaKpMhS I'm impressed by Microsoft's work on this.,77,142
2014-12-13 16:46:50,Deep Learning at #NIPS2014! http://t.co/w4yYgXqBB7,166,126
2014-12-12 15:53:09,"Baidu's Bryan Catanzaro, creator of cuDNN speaking #NIPS2014. Fast deep learning+GPU primitives! http://t.co/n2z3YN1dsl",39,28
2014-12-09 00:04:18,Incredible summary of internet trends by Business Insider. http://t.co/tZevYT9cgo,65,40
2014-12-08 23:28:03,We just posted the NIPS 2014 Deep Learning workshop papers online. Check them out!  http://t.co/b98swFA9MI,100,65
2014-12-04 23:02:58,"Just heard an engineer casually say ""I'm going to kill the Zombie."" In CS, programs that run amok are called Zombies. I &lt;3 CS.",24,28
2014-12-03 07:39:57,Want a career in machine learning? Nick Kersting got his start by taking a @coursera MOOC. http://t.co/5yYyJAoF2F,67,29
2014-12-02 22:38:30,@bauxring @coursera I'm thrilled to hear.  Best of luck with the remainder of the course!,1,0
2014-12-01 02:48:34,Watches made out of electronic paper? http://t.co/Qalqwzx1k2 Doesn't seem that useful; but might be fun!,7,6
2014-11-26 18:59:56,"Great @EdSurge story on @robot_MD's Growth mindset book. http://t.co/G9Kq6m5iFb ""I don't want kids to give up early.""",15,3
2014-11-20 06:18:53,Barbie book teaches girls they need a man's help to code. http://t.co/iR4Daca9TT This is shameful!,35,70
2014-11-20 03:24:31,Baidu building new GPU-centric deep learning s/w. Nvidia's new K80 will help! http://t.co/Obvga4dLzD http://t.co/e8oWCm0wuu,49,38
2014-11-19 19:28:40,President @BarackObama supports @Coursera program to offer free Verified Certs to teachers! http://t.co/L43wBbA7g9,21,20
2014-11-17 23:35:22,What is Baidu's research environment like? http://t.co/G0NtGE86A6 Short video on how we work on deep learning.,135,109
2014-11-17 16:42:01,Have been using a Beam telepresence robot ~1 year.  Excited they just opened a retail store! https://t.co/krCmqW0NPV,8,6
2014-11-11 02:27:15,Michelle Obama @FLOTUS announces partnership w/Coursera to offer US Veterans free MOOC credentials! http://t.co/XRAERiIVI9,20,19
2014-11-10 06:43:28,Inspirational video by a high school teacher who creates his own math content; shares freely! http://t.co/VGc5mT44qk,54,37
2014-11-09 19:30:25,Carol's @robot_MD kickstarter campaign is now #1 in children's books! http://t.co/Oq12FF18y3,2,6
2014-11-05 02:22:44,"Huge crowd at Baidu Research's ""Systems for Deep Learning"" meetup! http://t.co/4zHj50AycP",14,3
2014-11-04 17:34:25,"ACM SIGAI meetup on Systems for Deep Learning, hosted by Baidu today! 5.30pm in Sunnyvale CA http://t.co/ns0WIfqvOU",5,6
2014-10-25 18:54:41,"Stanford's CS Dept teaches 12% of all undergrad units, with 2.5% of the faculty. CS continues to scale and grow!",24,14
2014-10-20 14:58:28,Baidu Research's Bocce Ball outing! I &lt;3 our team. Thanks Ren Wu for the pics. http://t.co/trDmB04oMO,13,5
2014-10-20 04:56:51,"Who produces the best software engineers for startups?  http://t.co/qtLREbsKny #1 Stanford, #2 MIT, #3 Brown, ...",32,25
2014-10-16 00:25:29,Coursera specializations (course sequences) let you master body of knowledge. http://t.co/aSxxvrvEQe Just launched 18 more!,27,31
2014-10-07 01:37:37,Swarm robots! Visiting Radhika Nagpal's lab in Harvard. This is what 1000 robots looks like! http://t.co/w7V86KKocK,93,96
2014-10-01 20:44:03,Which are the startups people most want to join? http://t.co/qW3bauDcLX From LinkedIn's data @coursera is among top 10!,26,15
2014-09-28 01:51:41,"Just met one of my heroes! Carol Dweck's ""growth mindset"" is changing lives. http://t.co/xtV83DjAvw http://t.co/hpRE25lWpI",38,17
2014-09-27 17:50:54,"Stanford's President in NYC, talking to alumni about the MOOC movement and making edu affordable http://t.co/CXuBVHC1CF",18,11
2014-09-25 21:40:23,@arecasens Thanks for coming to the talk!,1,0
2014-09-25 21:39:06,"@nitingupta910 Congratulations, and thank you for taking the machine learning class! @coursera",0,0
2014-09-24 01:56:16,"We're hosting the next Silicon Valley GPU meetup on CuDNN (CUDA+Deep learning)! 9/29, 5.30pm.  http://t.co/9sqkIZjHki",22,19
2014-09-23 05:48:33,XPRIZE is raising funds for automatic software to teach basic math+literacy. https://t.co/d1YLZUvYk6 This is a great cause!,13,15
2014-09-18 02:56:25,"The future of AI will be ""Ambient Intelligence"" (tools to hide complexity from developers). @johnplattml http://t.co/dPxQDqKB1L",71,57
2014-09-16 19:59:30,New group to help low income students http://t.co/oPYeK3BRZg I'm really impressed by ASU&amp;Purdue's work on college access,7,8
2014-09-16 07:46:08,"Coursera is now offering a Chinese course: https://t.co/bDrdwkMBl2 Learn to speak Chinese, for free!",74,58
2014-09-15 16:57:54,My RSS talk on robotics and deep learning: https://t.co/zgi3IPDi49 Why interest in robotics made me work on DL.,89,47
2014-09-11 07:15:02,Beautiful visualization of the population of the US. http://t.co/LI0uskshvH I've never seen the US this way before.,58,66
2014-09-04 22:55:48,"Baidu Eye. Not a cellphone replacement, but will target specific activities (e.g. shopping, museums). http://t.co/mJATwczsZO",17,22
2014-09-04 22:24:17,Our new Baidu Eye prototype. You barely notice wearing it. Deep Learning for computer vision input. http://t.co/mnxKh6srQ4,51,61
2014-08-28 02:00:53,China's size is staggering. There are 18 cities in the European Union with population &gt;1 million.  How many are in China? 160.,28,60
2014-08-27 06:39:37,Good article on how leadership is changing (but it IMO underestimates importance of strategy). http://t.co/275fEFMQUU,17,9
2014-08-27 03:01:27,What college majors most likely underemployed: http://t.co/AV3Un0H7jE Business management fares poorly; STEM does well.,17,15
2014-08-26 18:24:48,I've put a lot of thought into how to help ML researchers excel. Our job req shares some thoughts: http://t.co/JX91MJgzNw,38,15
2014-08-26 05:22:57,Sal Khan's post on growth mindset is brilliant. http://t.co/JejNBQRJA3  Check it out!,72,78
2014-08-26 04:45:30,Medical imaging holds promise for Deep Learning. @jeremyphoward's new Enlitic is aiming at this! http://t.co/LMyY7cArvE,29,33
2014-08-22 20:27:53,How does one advance deep learning? Summary of some of surprising reasons I decided to join Baidu: http://t.co/MWxA5hbeae,57,47
2014-08-22 05:51:36,Baidu is named one of 10 most innovative companies in Asia (across all areas). http://t.co/xz0Xj3FW1n Go Deep Learning! :),21,11
2014-08-20 21:50:38,"Mastercard, AT&amp;T, Nielson, Shell, others are using @Coursera  http://t.co/ApaKABTWi0 I see corporate use as growing trend!",21,11
2014-08-20 05:34:31,"Quoc Le named to TR35! 3rd PhD student from my group so honored (w/P Abbeel, M Quigley). Congrats!  http://t.co/kNVtrgskSC",29,13
2014-08-15 19:12:17,What are we up to at Baidu Research? Here's how we think about the AI Lab's Mission. http://t.co/w9abaxWIHt,68,54
2014-08-15 00:16:15,Photo manipulation using 3D models to freely move objects around in a picture. https://t.co/E9aqjVLNv8 Cool demo!,61,89
2014-08-12 05:09:41,A robot to automate hamburgers! http://t.co/bM3aX8x7vD Promising concept; but arrogant stance wrt outperforming humans.,14,13
2014-08-04 17:20:56,How do you use GPUs to scale up Deep Learning? Bryan's meetup talk explains! https://t.co/uKOySUgnMC,98,59
2014-07-30 06:15:48,Where is deep learning going? http://t.co/OuzDJ8DkGB Summary of recent talk on why DL works and on trends.,147,142
2014-07-18 05:36:51,Amazon's Air Prime seems outlandish; but Paul Viola (a great ml guy) leading it makes me optimistic! https://t.co/4hhJCXaGkc,11,9
2014-07-18 05:35:02,Loved the latest Google Doodle!  http://t.co/QrEDvaRDKY http://t.co/mvnSLrkL0L,17,24
2014-07-16 06:11:18,"""Every day is demo day!"" Lessons from robotics startups at RSS2014. http://t.co/Tx2FLt2uqm",23,19
2014-07-14 22:05:06,Impressive scaling of deep learning using CPUs (instead of GPUs) by Microsoft team!  http://t.co/ts46mOmtN4,74,75
2014-07-12 23:50:52,"Coursera is moving toward more on-demand, self-paced content. E.g., https://t.co/NBrmhC1F6E Good for busy learners!",68,42
2014-07-11 04:18:22,Deep Learning has gotten 14/14 predictions right for World Cup! Will Baidu Predict get the 15th too? http://t.co/tmjUIYqlf9,91,165
2014-07-10 19:14:11,What free online courses should professionals take?  http://t.co/FFHUplgZnQ,40,26
2014-07-09 18:24:12,Deep learning has 13/13 streak for World Cup predictions. Check out Baidu's remaining predictions! http://t.co/06Rqe44J9D,62,110
2014-07-09 06:25:53,"Graphs show even with good public transit, usually walking/biking/driving is faster. http://t.co/Bkv6iV2dLY Startling!",14,16
2014-07-09 04:32:12,@tannguyen2013 I hope that scalable online ed (such as MOOCs/Coursera) can help with the transition. But I think it'll be tough for some.,0,0
2014-07-09 04:27:23,"Economist mag visualization of biggest 3 internet companies in US, China, Japan, .... http://t.co/WE6spJGNla Interesting!",14,22
2014-07-08 01:59:12,"AI could be very disruptive of jobs, since requires shift of workforce from routine to non-routine jobs. http://t.co/48QvgbaAfU",32,45
2014-07-05 07:49:12,"Visiting the Great Wall with a few Baidu friends. ""Monumental"" is a huge understatement. Wow! http://t.co/23jBdkXGFc",61,14
2014-07-01 17:40:09,"US has many top universities; but on a global scale, US higher ed system falls short. http://t.co/rOrDftgmQx Sobering.",3,15
2014-07-01 05:46:11,Andreessen @pmarca on distant future economy w/robots+AI. http://t.co/G6SO9niOWu I hope this comes to be!,15,6
2014-06-26 19:15:49,Photography is 200 years old. But 10% of the world's photos were taken in the past 12 months!  http://t.co/Os2fhUFQMq,28,63
2014-06-21 00:17:34,"""Great universities have a responsibility to drive global change.""  -Rick Levin @coursera http://t.co/IDTbmptW1Q Nicely said!",11,12
2014-06-20 18:55:49,@thedanigrant I hope so! As we figure out what works in AI neuroscientists sometimes then test if brain does similar things.,1,0
2014-06-20 18:51:53,@dnouri @IgorCarron Thanks for the pic and to Igor and everyone for having me! The simulcast to 4 venues was fun.,2,2
2014-06-18 05:44:34,Data shows that patent trolls really do kill off startups. http://t.co/ZRnxwpUKPZ Shame!,34,49
2014-06-17 18:43:16,"If you're curious what I think of MOOCs or machine learning, this ACM interview summarizes some thoughts! http://t.co/Nai1vY3mME",51,25
2014-06-17 18:39:00,What % of different degrees are conferred to women?  http://t.co/S2k1917dII Interesting graph of 1970-2012 trends.,6,12
2014-06-17 18:35:38,"How to get a faculty position by teaching a MOOC, not just research. http://t.co/ellBpKaWa1 This is great for students!",22,18
2014-06-17 05:53:39,Microsoft is launching a Machine learning-as-a-service platform.  http://t.co/Y1ryltS40J Cool!,76,109
2014-06-17 00:09:23,One of world's top GPU people Bryan Catanzaro just joined Baidu Research to build deep learning tooling! http://t.co/GbrWsmHZ7B,25,31
2014-06-16 05:09:45,"3/5 of orig 2011 Stanford MOOC team just graduated. Congrats Frank Chen, Chuan Yu Foo, Yifan Mai! http://t.co/fUPa9Dq9Yc",25,8
2014-06-16 04:47:45,"At Stanford, CS is about 2x the next largest undergrad major (humbio)! http://t.co/oO96hM6Uiy",16,15
2014-06-05 04:56:16,NYT review of @coursera and other mobile apps. http://t.co/V7wkPwDubR High marks for Coursera's iOS &amp; Android apps!,18,14
2014-06-03 04:20:35,"Hurricanes with female names kill more people, because people don't take them as seriously.  http://t.co/r6ETAllALY Crazy!",35,76
2014-05-31 00:16:47,"Stanford University, riding technology wave, increasingly seen as the top university in the US!  http://t.co/e1Vws2jayO",24,8
2014-05-30 17:26:11,The advice I give 90% of robotics startups is stop building and start talking to customers. -Sven Strohband @khoslaventures,52,40
2014-05-29 01:54:48,".@coursera is experimenting with a new course format, with ""on-demand"" content. Check it out! https://t.co/D6xc6neW5h",28,27
2014-05-29 01:52:23,Did you know? Baidu has 14 different apps that have &gt;100 million users each.,21,14
2014-05-28 18:10:04,Mary Meeker's Internet trends report is out!  http://t.co/VALnu9D4Ae Lots of great insights.,23,26
2014-05-18 00:38:47,Aww... really touched that Coursera team decided to wear my blue button-down uniform yesterday. :) http://t.co/XyWVzGdA3F,58,14
2014-05-16 16:31:50,I am joining Baidu as Chief Scientist to work on AI; will remain engaged with Coursera as Chairman. http://t.co/SiEgCtMGJT,194,284
2014-05-14 05:15:04,MOOC report: http://t.co/16HMQLP4Gq Includes an article by Jennifer Widom and me (p. 34) on the first modern MOOCs!,21,20
2014-05-13 07:48:41,@muratkrty Thank you and congratulations on finishing the machine learning class!,5,2
2014-05-13 06:50:20,"Lectures aren't just boring--they're also ineffective, says study. http://t.co/NlXEmzKVJO Lets switch to active learning!",47,48
2014-05-12 15:58:35,Richard Socher defending his PhD thesis on Recursive Deep Learning. Promising technology for NLP! http://t.co/QcSpvXzP6D,45,29
2014-05-11 20:32:09,"World Bank has great ideas, but 1/3 of their PDF reports haven't been downloaded even once.  http://t.co/UJW6Nw5TyK Ouch!",26,50
2014-05-02 00:39:40,Carol @robot_MD and I are married! http://t.co/JZxVuwlrxs,134,32
2014-05-01 00:14:06,New to MOOCs?  Here's a view by two UCSD profs of what taking them is like: http://t.co/5206zKYFPa,12,5
2014-04-26 02:10:27,"""Data science is a superpower. Just like being able to shoot lasers out of your eyes."" -Chris Heather @coursera make-a-thon",41,44
2014-04-25 17:33:17,Want to be have better ideas? Study shows talking a walk will boost your creativity! http://t.co/apvhnpZ82B,22,33
2014-04-24 00:45:10,"FCC's new ""net neutrality"" proposal is a horrible idea.  Will hurt tech startups and users.  http://t.co/dicWbLrwiY",16,19
2014-04-19 04:37:11,"Coursera just turned 2 today! 731 days ago googling for ""Coursera"" turned up 0 hits.",82,52
2014-04-19 00:52:26,@hannah_simon @coursera Congratulations Hannah!  Hope you enjoyed the class. :),1,0
2014-04-18 17:35:58,"Individuals must take responsibility for their future, with boosts of education. http://t.co/BwddwAXjk6 @juliastiglitz",17,21
2014-04-17 22:46:54,Eat lettuce? 3% in US tended by robot. Cool ML &amp; CV by Blue River http://t.co/hLEIMxCVGk @robot_MD http://t.co/Sn9mmel1if,18,4
2014-04-17 16:45:17,".@lifehacker wrote a summary of my piece on how to speak better, 60 seconds at a time! http://t.co/PGY4Q2brly",21,13
2014-04-17 01:57:23,Wow! US Dept of Education looking to open up APIs to make data available. http://t.co/Smsxk6QOuP Data-&gt;Better education.,43,49
2014-04-16 03:28:27,"""You can’t use up creativity. The more you use, the more you have."" -Maya Angelou",54,62
2014-04-15 20:41:18,Will Google Glass succeed or fail? http://t.co/1ZalcGdV3Y Insightful analysis of how successful new tech is usually rolled out.,6,9
2014-04-14 02:21:19,Most new tech creates value+jobs even if it displaces some. Will robots destroy more jobs than it creates? http://t.co/cMuf3BJgGX,24,18
2014-04-14 02:13:22,Great survey of robots invisibly entering our daily lives. http://t.co/tvMt0ShgCr So far the best robot technology is unseen(?).,14,18
2014-04-14 01:29:56,Univ of Pennsylvania applications up 14% this year! http://t.co/T7yOciq6CZ Dean of admissions credits Penn's MOOCs as a factor.,40,41
2014-04-12 19:59:48,David Blei wins ACM Infosys award for work on Topic Modeling.  Congratulations David!!! @princeton http://t.co/Jz2LdcfKUA,27,28
2014-04-12 05:07:06,"Finished with taxes! This will be my last time doing it with ""single filing status."" :) @robot_MD",26,4
2014-04-11 03:53:35,"Is food a promising area for entrepreneurship?  http://t.co/hJeAMZDHUT In China, many technologists think so!",14,3
2014-04-09 22:57:02,".@coursera is moving! At &gt;100 people, outgrown original space. New office here we come! http://t.co/gyxBUgwZdb",47,14
2014-04-09 04:04:21,".@juliastiglitz : ""Universal access is no longer some utopian ideal. It is something we can realize."" #RethinkingSchool",13,7
2014-04-08 19:39:59,"Continuing adult ed increasingly ""just in time"" &amp; in short modules.  http://t.co/GC0vv3X1Hb",6,1
2014-04-07 23:33:21,"Science shows that brains and beauty really are uncorrelated. http://t.co/0JIAvWapEQ But to appear smarter, smile more!",18,32
2014-04-05 02:27:45,@AsalBarak Thanks Asal. I'm glad we've been able to offer the @coursera machine learning MOOC multiple times. :),4,1
2014-04-04 23:51:44,Brilliant NPR april fool's joke on people who don't read. http://t.co/J6K6qmAU7H,26,27
2014-04-04 02:30:54,@mappingbabel I had really enjoyed reading your Jeff Hawkins article.  Congratulations on putting it together!,2,0
2014-04-04 02:30:19,@Ovo671 @coursera Best of luck with your classes!,1,0
2014-04-03 21:27:06,Companies view MOOCs positively for hiring &amp; training.  http://t.co/K10s6Y6lp0  Really cool Duke University study!,18,17
2014-04-01 15:11:56,"Carol @robot_MD and I are getting married! Engagement pictures in IEEE blog, with robots. http://t.co/jmzbpbjOdk",42,29
2014-04-01 15:02:41,.@coursera partners conference reminded me just how much I LOVE working with our university partners! #coursera14,12,6
2014-03-31 17:15:56,There have been over 1 million MOOC completions on @coursera. #coursera14,25,24
2014-03-29 22:43:15,Summary of Jeff Hawkins &amp; @numenta's approach to AI. http://t.co/UrBvUyl4uh A good read!,71,45
2014-03-29 18:24:30,.@coursera employees are 46% female. Proud that we have both genders well represented!,34,16
2014-03-29 17:10:10,The @Coursera Android app is here! Download videos &amp; learn on the go. Get it for free:   https://t.co/l8AOX0zExb,37,68
2014-03-26 06:14:13,.@Coursera now has 7 million students worldwide!  http://t.co/W8cCCmIK2m http://t.co/EIgT5CvLjJ,39,31
2014-03-25 04:51:26,Insightful Jack Welch article on how to run HR. http://t.co/Sac0jFszr5 At @Coursera we view Talent and HR similarly!,15,7
2014-03-24 20:43:56,"45min after announcing Rick as new Coursera CEO, he has already received 218 congrats emails. :)",8,2
2014-03-24 20:36:36,@naoyamakino Thank you.  Will retweet out with fixed link.,0,0
2014-03-24 20:36:13,Breaking news: Rick Levin to join Coursera as CEO. http://t.co/qGhCVHDq9N I'll be Chairman of the Board. Am absolutely thrilled!,17,26
2014-03-24 08:22:56,"@Trilion99 @petitegeek You're right. First draft said ""highly educated (MS/PhD)"" but was too aggressive shortening to &lt;&lt;140chars. Apologies!",1,0
2014-03-24 08:17:37,"@paix120 You make a good point. Not just ml, but I see a lot of value to rerunning other classes in summer.",0,0
2014-03-24 08:10:47,"@vitroc Calling it an ""early investor"" is a great idea.  Love the phrase!",0,0
2014-03-23 23:56:08,$1 in early childhood intervention returns $16. http://t.co/YXZ0e6bDlP But more important: It's the right thing to do.,14,14
2014-03-21 14:10:34,Stanford in the morning. A decade here  and still discovering new views. http://t.co/3Zb7uyGMhq,26,8
2014-03-21 12:46:04,"@nyxtom Thanks for sharing, and congratulations!",1,0
2014-03-21 05:37:58,"Windmills built not on the ground, but floating in the sky! http://t.co/JlmAlkTodW Amazing technology.",15,26
2014-03-21 04:30:15,Carol @robot_MD just modeled for Betabrand! http://t.co/Yrcsal91Ta Clever campaign w/only educated models. http://t.co/qQQKd4dSn3,14,9
2014-03-21 04:12:51,"""We’ll pay Comcast’s ransom, but we shouldn’t have to."" http://t.co/OGSiuA1fyk Support Net Neutrality!",4,10
2014-03-20 20:07:59,Great story of Pakistan student taking UPenn MOOC and getting inspired to apply there. http://t.co/q42LKF3HNs,8,6
2014-03-20 19:23:44,Learn to speak or teach better in 30 minutes! My first LI Influencer post on how I learned to teach. http://t.co/TOOajzUxKc,72,49
2014-03-20 17:41:18,"Met @AdamMGrant, author of Give and Take. Captivating and v. insightful. Go read it! http://t.co/dw6rnvaBR3 http://t.co/CBaWqWE3MF",8,2
2014-03-19 22:16:16,There's still time to sign up for the machine learning MOOC!  First homework due this Sunday March 23rd. http://t.co/PFKsH7PAwb,13,20
2014-03-19 05:20:44,DeepFace: Facebook has huge performance improvement in face recognition using deep learning! http://t.co/akkCyAlLWm,54,69
2014-03-19 03:16:32,"Naming experts can help choose your company name. Steve Cecil (profiled here) helped us pick ""Coursera."" http://t.co/017Zg3BCuW",12,9
2014-03-18 17:45:29,"I love Silicon Valley! 1/2 of our startups are ""silly"" but some important ideas will emerge, says @BillGates. http://t.co/bv2LmRMWf9",17,8
2014-03-11 22:38:01,Computer Science enrollments up a massive 22% last year.  Tech has a bright future ahead!  http://t.co/4pI0jrLBpC,19,28
2014-03-11 22:22:17,Loved @bhorowitz's Hard Things book. Great perspective on how to create and scale a startup. http://t.co/Ux3QRiUWIG,15,2
2014-03-11 02:22:05,Just released: The @coursera iOS app will now work on your iPad (as well as your iPhone). Check it out!  https://t.co/of1P2rjNlw,20,25
2014-03-11 01:01:45,We need to act. 290M 15-24 year olds are neither working nor studying-almost 1/4 of all young adults. http://t.co/KEajNZv8Ge,20,16
2014-03-05 20:46:44,.@khanacademy to democratize SAT test prep. I love this! Lets close the wealth gap for college access. http://t.co/tY2NInewvi,18,15
2014-03-05 02:36:54,"Free internet access in Zimbabwe for accessing Coursera, Wikipedia, .... This is great! http://t.co/6RYxbAVhc1",21,22
2014-03-04 03:14:37,The MOOC that had started Coursera--I'm thrilled that Machine Learning is being offered for the 6th time! http://t.co/KhXXRlYJ0I,91,77
2014-03-04 00:59:36,"Laser scanner, cameras, GPS on @Stanford's Nissan Q50 for deep learning &amp; autonomous driving research! http://t.co/XnRPYBVHpZ",23,30
2014-03-03 05:03:45,"I hope that some day, online education for students everywhere will be as much fun as watching an Oscar winning movie. #Oscars",39,46
2014-03-03 04:55:38,One of the challenges facing higher ed is that what the job market needs changes so quickly. http://t.co/2ZOSbww5rn,11,7
2014-02-27 07:37:47,I really like this FDA food label redesign: Portion sizes reflecting how we actually eat; emphasis on calories. http://t.co/S1wmzlsEex,9,7
2014-02-26 07:47:45,Huge drop in obesity of young children in the US. Health is so important and affects everything else! http://t.co/przyb9aeuR,7,4
2014-02-25 02:48:02,@karino2012 This is amazing. Thank you very much for all your work translating the course into Japanese--I'm very grateful!,0,0
2014-02-24 20:35:35,"Isolated example, or growing trend? NTU in Singapore details its plans for offering credit for its MOOCs! http://t.co/4YeIXkNb3E",14,12
2014-02-24 14:46:24,A nice summary of current MOOC economics &amp; implications on univ/platforms. @JohnHCochrane  http://t.co/ve6cEtZPHJ,16,10
2014-02-21 18:05:32,.@CK12Foundation's Neeru Khosla just visited. I love how CK12 uses multimodal content. http://t.co/pd01pLyQK0,8,9
2014-02-19 06:00:08,Amazing how unhealthy our diet has gotten in a few decades. Graphs #3 and #11 were my favorites.   http://t.co/3ogaShkRkX,28,33
2014-02-18 19:52:19,MOOCs are proving to be a great tool for employee training; I expect to see this grow.  http://t.co/fxNi4JDooo,24,29
2014-02-14 02:09:24,"@RMartinFel @coursera Congratulations, and thank you for completing the machine learning MOOC!",2,0
2014-02-12 09:07:00,"We hope to get to that future where students that're so hungry,so eager,so desperate to get an education can get one. -Clara Ng #emoocs2014",35,24
2014-02-09 11:43:07,MOOC completions can be helpful for admission to Stanford Biomed Informatics program. A good step!  http://t.co/V8hzBatMqI,24,28
2014-02-06 05:37:16,Met @joekgreen today and am very inspired by the mission of @FWD_us on US immigration reform. http://t.co/HlbIFPzvc7,7,3
2014-02-03 19:57:20,.@Stanford just got a new @NissanUSA Q50 for our machine learning &amp; autonomous driving work! http://t.co/jHJ2xWhk5T,28,34
2014-01-26 00:46:45,Software analysis of infant crying to detect developmental problems. Very cool! @BrownUniversity http://t.co/jNyrDkN6WX,20,22
2014-01-26 00:17:19,Why Don't Students Like School-Great book on applying cogsci principles to teach better. Loved this!  http://t.co/kHxg7gaTEd,24,5
2014-01-25 23:46:30,"It's important for kids to learn a programming language, not just foreign languages. http://t.co/0MsvUQSYwq",30,33
2014-01-21 20:55:36,.@gigaom used Stanford's deep learning system to analyze their headlines and sentiment toward Google!   http://t.co/Z34nQpChIK,37,20
2014-01-21 18:56:30,"Just launched @coursera specializations! Courses+capstone to help you master Data Science, Mobile, ... https://t.co/C89gfUFQL0",47,55
2014-01-20 06:08:32,"MOOCs are increasingly showing up not just on resumes, but on job descriptions! E.g. RealNetworks http://t.co/2BVT1NqkCj",23,44
2014-01-19 22:15:00,@berkeleymalagon Thanks for sharing the job ad. I think you're on the leading edge of employers looking for MOOC credentials!,3,1
2014-01-19 22:11:24,@zsstor That's an amazing story. Congratulations on finding your new job through taking MOOCs!,0,0
2014-01-19 21:26:56,Clever! Fun 3D T-Rex illusion.  http://t.co/EsNfBtx6TK,6,22
2014-01-15 22:53:59,".@Coursera is growing internationally! Site translated into Chinese, Spanish, French, Portuguese, Russian. http://t.co/qpNFmTV2Sg",17,16
2014-01-15 22:52:06,More and more @Coursera students are adding their MOOC coursework to @LinkedIn resumes. http://t.co/yAOrvrssc0,16,8
2014-01-09 22:31:12,"MOOCs are about ""more"", not just ""or"". Great @Prof_Lenox article addressing MOOC naysayers. @UVA http://t.co/2U1Bqbl7DE",18,13
2014-01-09 06:09:20,This is awful. Computers stolen from Khan Academy. This is stealing from children all around the world. http://t.co/N2FscdBWgF,9,27
2014-01-09 05:54:00,Just reached 6 million @coursera students!  MOOC growth continues to slowly accelerate. http://t.co/xUnrWAvHO8,25,24
2014-01-09 00:00:36,Great @NatureNews summary of recent trends and progress in Deep Learning!  http://t.co/atH0wlzrnr,67,51
2014-01-08 07:06:01,An great step for vehicle electronics--Open Auto Alliance to integrate Android OS into cars 2014. http://t.co/nNM3vKqNqa,12,25
2014-01-08 06:24:32,"Surprising stat: China has 2nd highest % of Coursera iOS app downloads (10%), after the US (51%). http://t.co/t5kNoufkTi",7,8
2014-01-07 20:34:05,Surprising insights on the differences between a happy life vs. a meaningful one. http://t.co/6INPvI29sW,38,27
2014-01-03 23:29:42,Amazing progress &amp; ambitions in China space program. Surprising also how little we talk about it. http://t.co/uz3LFEEINK,11,11
2014-01-03 23:16:23,"""It was just me and my motivation."" -- student quote on earning a MOOC credential. http://t.co/GfL2tCUa14",14,11
2014-01-02 07:17:09,"From @TIME: 10 cool apps to help with New Year's resolutions-from getting into shape, to learning Spanish. http://t.co/6HaJ67AUCR",12,8
2014-01-01 00:41:32,Shocking--1/3 of Americans don't believe in evolution &amp; think humans have always existed in present form. http://t.co/Hq2wGEgcXI,19,22
2013-12-31 00:40:43,"Amazing pictures of giant ice castle in China. Whatever is the opposite of ""understated"", this is it.  http://t.co/P7cpFbMc0a",10,25
2013-12-31 00:34:14,Great @triketora quote on why it's hard to get 13 yr old girls interested in computers: 13 yrs of socialization. http://t.co/93qTFsGe76,12,8
2013-12-31 00:17:39,@Nargizj That you've completed 5 MOOCs---that's fantastic---congrats! Thrilled that you're finding many other course useful too.,1,0
2013-12-31 00:16:12,"@WelshCloggy I agree connecting MOOCs would make sense too! And, having more modular, shorter MOOCs should also make it easier to do that.",0,0
2013-12-31 00:13:54,@Ozgur_Ozubek LOL  Merry Christmas Ozgur and I promise I'll get those ml-class certs issued soon!,1,1
2013-12-31 00:12:29,@feuword That's a good idea. It'd be fun to organize a Hong Kong meetup of Coursera people some time!,0,0
2013-12-31 00:09:33,"Great guidelines (4 pages, PDF) for writing multiple-choice quizzes. Read if u want to write better MCQs! http://t.co/TWa1M4s4HZ",33,17
2013-12-30 00:27:34,"Really fun Art &amp; Technology exhibit in Wan Chai, Hong Kong! http://t.co/qK6QyLYUWi",11,0
2013-12-29 23:31:24,Exciting trend of more and more researchers building brainlike computers.  http://t.co/Fg9QIQbdaz,35,33
2013-12-25 15:31:25,Merry Christmas everyone! Wishing all a joyous Christmas filled with love. http://t.co/U3LKTSqMp0,11,4
2013-12-17 19:50:19,Great article on diversity of MOOC students' goals. I think online content should become more modular.  http://t.co/5kTWC0jyQn,12,13
2013-12-17 18:15:24,Yann LeCun's plans for AI at Facebook. Excited to see deep learning take off in facebook! @ylecun http://t.co/BNJnCUMHBS,31,29
2013-12-17 03:09:36,"@chipoglesby Thanks a lot Chip.  Because of students like you, it's been really fun for me to teach as well! :)",1,1
2013-12-17 00:53:25,The scale and rise of mobile has been stunning!  http://t.co/H2vBQWR3Ta,13,11
2013-12-17 00:50:34,Here're some things that MOOCs aren't good at (yet)!  http://t.co/UDX73cX8Ko,13,11
2013-12-16 02:00:00,Signs that employers are increasingly accepting MOOC certificates. I think this will only grow. http://t.co/mK5e7ch2go,33,38
2013-12-11 06:30:41,@AchilleTalon Thank you! I'm really looking forward to seeing the posters tomorrow. Please come if you're in the area!,0,0
2013-12-10 21:12:33,@rasbt Yes working on iPad app.  I'm looking forward to being able to download videos to watch on iPad as well!,0,1
2013-12-10 19:02:15,New Coursera iPhone app! Get it here:  https://t.co/tmOb71IlgC,18,32
2013-12-09 20:05:21,Hour of Code: Lets have more students learn to program! https://t.co/LYecxvHVyk,13,15
2013-12-09 19:39:34,"Free Stanford event: Machine learning poster session, Dec 11, 8.30-11.30am. More posters than NIPS! http://t.co/Tmt8M59wbc",11,14
2013-12-07 05:05:59,Coursera and Teacher Professional Development MOOCs.  @juliastiglitz http://t.co/hY2mDak4jE,3,7
2013-12-05 01:47:27,People Analytics: How Big Data is transforming human resources. http://t.co/3jk4WrGpyl,21,15
2013-12-04 00:27:36,Programming in movies vs. programming in real life. https://t.co/0eicKCB82t,195,521
2013-11-27 21:41:45,5 amazing WebGL demos! (Run on desktop.)  http://t.co/HKrATKFmNY,16,12
2013-11-23 02:00:38,"Coursera raises another $20M, bringing total to $85M. http://t.co/v57rMBUeiC",13,22
2013-11-19 01:50:10,"RIP Ben Taskar. Machine learning just lost a star, and Stanford AI just lost a dear friend. http://t.co/P5222zM2n0",19,57
2013-11-05 08:42:15,"Rock-paper-scissors robot that wins 100% of the time, by using high speed computer vision. http://t.co/eM4OJ6fiMe",28,78
2013-11-05 03:34:03,New Chief Product Officer and VP Product Management at Coursera. Excited about the future of MOOCs!  http://t.co/LVtKioqG0q,7,4
2013-11-02 01:28:39,Some serious Common Core implementation problems.  http://t.co/uVJDu2IXlN,5,5
2013-10-31 18:39:16,First set of Coursera Learning hubs just launched worldwide! http://t.co/7itxX5Y32F,10,16
2013-10-31 18:36:18,Artificial blood successfully tested on mice!   http://t.co/0X3d1jw8FL,9,26
2013-10-31 02:09:58,"The one key difference between kids that excel at math, and those that don't. http://t.co/5bdCuKHujH",33,41
2013-10-29 04:48:06,"Asian ""education fever."" Shocking stats on rising edu spending.   http://t.co/vUJAd7Sd3g",3,19
2013-10-25 22:23:23,Funny pedagogical technique (that works?).  http://t.co/pFZDn6lVzB,22,30
2013-10-24 04:51:41,Coursera now has over 100 partners!  http://t.co/QpbhJwiVXs,12,14
2013-10-22 23:45:31,"Honored to be named to the CNN 10: Thinkers list, together with Elon Musk and others!  http://t.co/tSyg4ZaXQM",27,14
2013-10-21 02:49:02,Fascinating!  Brains flush toxic waste in sleep. http://t.co/T0Rp1s3DoN,15,30
2013-10-21 02:12:21,Why we should put students in control of their own learning.  http://t.co/gRzN28UhPU,21,27
2013-10-21 01:35:23,"The debate surrounding $10,000 undergrad degrees. http://t.co/a4iX3UYzsG",11,8
2013-10-19 14:11:45,First-ever social gaming in a MOOC!  Kudos to Benson Yeh and team for creating PaGamO.  http://t.co/ydD7WpSV6x,8,9
2013-10-11 11:32:35,Stanford's deep learning sentiment classification system. http://t.co/5mIS4DlIMV,49,53
2013-10-11 10:57:26,Why shorter classes often work better.  http://t.co/oyK0pRwq5x,11,15
2013-10-04 17:06:45,@Stanford releases new demo on deep learning for text sentiment classification.  http://t.co/l0pYOo2VDu,14,15
2013-10-04 05:26:21,Attending the Fortune 40 under 40 party in SF! http://t.co/1at0LZTUId,9,4
2013-10-02 14:14:20,"A few minutes ago, Coursera just reached 5 million students!  http://t.co/xUnrWAvHO8",30,56
2013-10-02 01:46:06,Honored to be named one of Stanford University's 10 Best Professors!  See the whole list at http://t.co/cjVluSxUgW,28,13
2013-10-02 01:37:00,Research at scale--tens of thousands of students in a MOOC to do novel research!  http://t.co/4qehztUpUn,12,17
2013-10-01 01:11:08,"Is it better for your career to specialize, or to be a generalist? http://t.co/g30k3KnQdw",20,22
2013-09-27 02:16:19,Did you know that machine learning/optimization algorithms helped Oracle Team USA win America's Cup? http://t.co/y5KlpAuXGd,36,61
2013-09-19 20:26:11,Just named to the Fortune 40 under 40 list! http://t.co/tjZfbqCsKA …,23,10
2013-09-17 03:44:29,Reid Hoffman on new ways to certify student learning. https://t.co/VExx9rJ1dE,3,6
2013-09-14 23:34:45,"Fascinating @VanderbiltU paper on teaching machine learning by ""wrapping"" a MOOC.  http://t.co/hbHJXN5CfN",34,23
2013-09-14 23:31:04,Free Wharton first-year MBA courses on @coursera ! http://t.co/tIMDpdZLvc,20,22
2013-09-13 16:56:02,Coursera's Signature Track has brought in $1mil.  http://t.co/ZnmEnzr7Ir,9,24
2013-09-12 18:48:20,"Just on Fox business with @LizClaman ""3 days in the valley"" talking about @Coursera! http://t.co/Rq431yS6hI",6,0
2013-08-29 20:14:26,Debate on whether technology is destroying jobs. http://t.co/YT32BmNXin,8,19
2013-08-21 21:59:27,Morgan Quigley selected for TR35 for open-source ROS (Robot OS)!  http://t.co/RGIo2POqPO,6,5
2013-08-11 20:23:51,"Over 100,000 applicants for one-way trip to colonize Mars. http://t.co/7HnEx0pLOW",10,24
2013-08-09 16:41:15,Earning a Google Internship by taking MOOCs. http://t.co/T7T8qvFduo,22,19
2013-08-09 05:21:03,Huge opportunities ahead for computer science people. http://t.co/57cgphJfr7,31,66
2013-07-30 18:24:41,"Chatting w/@genConnect @BaruchShemtov on future of AI, online #education @Coursera http://t.co/EKPN4V67h4",7,2
2013-07-28 03:15:35,Where is there the greatest social mobility in the US?  http://t.co/fnDU8ZoVm7,5,4
2013-07-25 04:36:33,"Fake ""Speed limit enforced by drones"" signs on highways! http://t.co/nhGNkpBbXt",2,11
2013-06-26 15:59:10,Big Data applied to hiring.  http://t.co/7R5p9gBtLv,17,17
2013-06-23 16:50:18,Does working in a coffee shop really make you more creative? http://t.co/bOZUknx9rZ,15,17
2013-06-22 00:59:57,"Why the phrases ""how hard would it be..."" and ""can't you just..."" make good engineers cringe. http://t.co/h5dVfc6yUC",34,39
2013-06-21 01:00:26,Big Data &amp; Presidential election. Fascinating but scary if tech falls into hands of oppressive govt. http://t.co/0sWXnObh2S,24,15
2013-06-17 23:44:35,How to replicate the Google Cat result with 16 computers instead of 1000. http://t.co/erQbmdA5XQ,45,65
2013-06-17 07:17:49,Where do engineering students most want to work? You'll be surprised by some of these!   http://t.co/HnCbEFKiR4,13,21
2013-06-14 03:32:09,You can now order Coursera T-shirts and coffee mugs! (US shipping.)  http://t.co/IbZ35yXWDY,1,8
2013-06-12 19:38:47,Deep Learning improves Google's Photo Search. http://t.co/x6AqinKMFA,37,50
2013-06-11 13:57:51,"MOOCs For Teachers: They're Learners, Too. http://t.co/MRoUwsoDQt",4,5
2013-06-06 22:12:07,How Big Data is improving education. http://t.co/ihFABaIUTp,12,15
2013-06-04 05:23:19,Online dating marriages are just as good.  http://t.co/U7ZH40pi15,5,1
2013-06-04 03:42:03,3D printing food: Beautiful frosting sculptures that you can eat.  http://t.co/AHPLwbFwWO,1,8
2013-06-04 02:47:13,"Analysis of MOOC completion/retention rates, and some things that boost your odds of completing.   http://t.co/RplbOFJECt",22,29
2013-06-02 22:33:29,"Amazing story of 17 yo, severe autism, and 6 MOOCs. http://t.co/v9lGSFlYC0",8,10
2013-05-31 04:59:51,Great summary of the most important internet trends. http://t.co/VZuCR2xQ4y,26,21
2013-05-30 05:14:18,10 US State University Systems partnering with Coursera.  http://t.co/J27VitwtZN,5,9
2013-05-29 06:11:32,High school students taking drugs to improve test scores.  http://t.co/AXbB7pE6qZ,6,6
2013-05-28 17:25:52,Option 1: Gun control. Option 2: Give children bulletproof backpacks. Guess which is working.   http://t.co/xYOsdRAals,2,15
2013-05-23 19:17:40,Breathtaking CG special effects demos from SIGGRAPH 2013. http://t.co/WJ4g6yDBqe,31,99
2013-05-16 00:54:42,One year anniversary of Tom Friedman article on MOOCs.  What a long way we've come! http://t.co/scelcIfbrd,9,9
2013-05-15 20:18:12,"Yale joins Coursera!  Courses on Financial Markets, Constitutional Law, .... http://t.co/YkoQbpB4up",7,10
2013-05-12 17:39:36,"17 year old from Mumbai, India and his Coursera travelogue. http://t.co/aIJQ4gr0aF",7,19
2013-05-12 17:36:29,Large pay gaps in teachers' salaries.  http://t.co/eFySKHwEgF,1,0
2013-05-08 20:58:44,"The Maker movement, and why some think Hardware is the new Software.  http://t.co/j6xSFzLKmz",5,2
2013-05-08 19:17:48,Coursera partners with book publishers to give free access to textbooks. http://t.co/nI671TEkc2,23,31
2013-05-08 05:23:52,On Coursera MOOCs and ways to make sure you aren't bored. http://t.co/PL51CP8ghv,7,5
2013-05-07 22:37:52,Wired Magazine on Deep Learning and some of its early inspirations.  http://t.co/F2A7xWfE9s,25,29
2013-05-07 07:06:12,Software industry moving toward subscription fees; most recently Adobe suite. http://t.co/mvzIfy850N,1,5
2013-05-07 06:59:36,Private US Universities lowering prices through financial aid. 45% discount for last year's freshmen. http://t.co/AOxmC0aqaG,1,1
2013-05-01 04:58:25,Coursera is now in K-12!  Teacher Professional Development + new TPD partners announced. http://t.co/UjCm6kYqRJ,6,9
2013-04-28 02:45:27,Will driverless cars create traffic jams?  http://t.co/BhBt4q1dxe,5,4
2013-04-28 02:00:02,10 breakthrough technologies (including Deep Learning and the Google project I'd started)! http://t.co/xw9MAFlwvd,32,20
2013-04-25 05:57:26,"@KateMfD Good point! I'd like individuals to be distinguished not by unequal access to knowledge, but by their hard work, talent and guts.",3,4
2013-04-25 05:28:27,"Coursera one of 25 audacious companies. Hope that in 10 yrs, free elite edu is new normal, not audacious! http://t.co/PV4zolzFN0",11,16
2013-04-25 03:42:09,Enjoyed reading Decisive by Chip &amp; Dan Heath. 4 tips for making better decisions.  http://t.co/EQRJZx6mBM,6,1
2013-04-19 21:13:17,Machine learning class on Coursera offered again Monday Apr 22nd. Get your friends to sign up!  http://t.co/UxzpZ0PRr6,17,74
2013-04-18 23:57:07,"Coursera (1) and I (37) both had birthdays today. Daunted by work ahead, but also inspired by same! http://t.co/t1Q3uvMiC1",9,4
2013-04-18 23:32:53,Just named to 2013 #TIME100 (World's most influential people)!  http://t.co/dzUB0JBhOA,15,30
2013-04-16 03:39:04,13 examples of people being awesome after Boston attack.  http://t.co/1ACHlZ8jOg,2,5
2013-04-12 17:36:22,Baidu is building a Deep Learning lab in Silicon Valley.  http://t.co/HA3PtNFJzO,16,20
2013-04-09 01:55:40,2 most cited ICML 2011 (machine learning) papers both from my group! Both on Deep Learning. http://t.co/5pAuwaUu5F,34,11
2013-04-06 11:28:57,@Coursera building App Platform. Enable university partner/3rd party learning tools to be offered to students on site.,3,13
2013-04-06 11:24:38,15% of the US population receives food stamps. http://t.co/hNmuPDW18Z,3,9
2013-04-04 18:55:52,"Teachers the most likely profession to say they “smiled or laughed a lot yesterday.""  http://t.co/gfIAXDOIAQ",1,2
2013-04-02 20:31:41,Talk that I gave last month on MOOCs and the state of Coursera.  http://t.co/Iew4hmGsYI,21,14
2013-04-01 17:58:17,Coursera course on Underwater Basketweaving. Get your friends to sign up! https://t.co/IlwG9eh6BM,3,12
2013-03-21 04:52:04,"Just got a cup cake from Kara herself, of Kara's cupcakes! http://t.co/4fh5KT1kmp",3,1
2013-03-20 17:48:06,Moving article on veterans' struggles to find work. http://t.co/NRIXpXjlXF,1,2
2013-03-19 21:35:36,Coursera just passed the 3 million student mark!  http://t.co/pcBx6hi1Nn,10,49
2013-03-15 19:23:15,"@Coursera Scoring 97/100, finally completed my first MOOC not as a teacher, but as a student! http://t.co/hzvbZGWD98",21,16
2013-03-06 21:00:38,Great #SXSWedu by @saradewitt on PBS research on edu games. http://t.co/DvPTxJdBYV http://t.co/ffCM2uNqrj,2,1
2013-03-05 03:37:02,"Just on Fox News, talking about Coursera, and also why the courses need to be free.  http://t.co/2uSAF0JNmT",12,28
2013-03-04 01:01:33,"@profkeithdevlin on differences between univ &amp; MOOC; e.g. retention, accreditation.  http://t.co/KfKOMxYjvf",1,0
2013-02-28 18:05:16,"Worried about effect of 
sequestration on K-12.  1,210 teaching jobs at risk in California. http://t.co/MQsSYJQjIY",1,2
2013-02-24 21:26:05,"@Cafe_LaTTea, doing @EmoryUniversity's @Coursera Digital Sound Design final exam. Wish me luck! http://t.co/T9ys7tgCC3",1,0
2013-02-21 06:15:24,"29 universities, 90 new courses just announced @Coursera!  http://t.co/oTd8T44mIO",19,45
2013-02-15 00:46:23,Happy Valentine's Day from all of us at Coursera! http://t.co/zwAIJ0mc,5,2
2013-02-07 06:53:31,Earn college credit through MOOCs: ACE announces credit recommendation for 5 Coursera courses.  http://t.co/7m655l5w,7,16
2013-02-01 05:36:57,Coursera just won Best New Startup 2012 at the Crunchies! Thx everyone for your support!! http://t.co/Xcr26Lxy,54,180
2013-01-24 17:40:46,My @insidehighered piece on what we're learning from teaching MOOCs.    http://t.co/CUfAXjr9,17,16
2013-01-16 22:01:10,"A recent Machine Learning talk that I gave. Deep Learning, Google project, research directions. http://t.co/FO14xPNf",91,49
2013-01-11 20:48:38,Final projects from 2012 Stanford Machine Learning class just posted: http://t.co/u71i9wff,36,27
2013-01-10 19:13:40,Most classrooms unchanged for 50 years. Cool @Steelcase furniture at #ces #highedtech 4 rethinking classroom. http://t.co/I9EuAEAr,6,7
2013-01-09 21:28:33,On my way to #CES.  Looking forward to speaking at #HigherEdTECH on MOOCs tomorrow. http://t.co/3AtI5ocd,0,0
2013-01-08 03:09:53,Nice NYT article on MOOCs! http://t.co/H7nQaCHD,6,9
2013-01-01 23:55:29,@ivoflipse5 15 courses! Congrats! 20 this year? :-),0,0
2013-01-01 21:06:57,What's your New Year Resolution?  Learn something new this year!  http://t.co/d0BpAXVe #coursera,7,10
2012-12-23 07:45:56,"On holiday with Dad in Hong Kong, except he just ditched me to do Duke's @coursera Think Again class' homework. Go Dad! :-)",20,25
2012-12-17 20:53:05,Jiquan Ngiam @coursera honored by Forbes 30 under 30 for education! http://t.co/wmeqJljH,1,6
2012-12-12 00:40:18,"Stanford Machine Learning poster session, 12/13, 8.30am. 250 posters by 575 students. Free &amp; open to public. http://t.co/FnCw7ba1",7,6
2012-12-11 00:23:45,"McKinsey report on Big Data.  Shortage of &gt;100,000 data analysts in US.  http://t.co/ZJ2C3MyW",8,13
2012-12-05 21:28:10,"Coursera just reached 2 million students (doubling from 1 mil in &lt;4 months)!  Huge need worldwide for affordable, high quality education.",13,72
2012-12-04 22:43:38,"Just announced: @coursera Career Services.  Excited to not only educate students, but help them find jobs afterward! http://t.co/KecWB9bY",3,6
2012-09-19 08:31:39,@Coursera just announced partnerships with 17 more universities!   http://t.co/seQEEJlg,2,1
